<?xml version="1.0" encoding="utf-8"?>
<cRouteProperties xmlns:d="http://www.kuju.com/TnT/2003/Delta" d:version="1.0" d:id="896474968">
	<ID>
		<cGUID>
			<UUID>
				<e d:type="sUInt64">4845029107090435377</e>
				<e d:type="sUInt64">2364947307577663618</e>
			</UUID>
			<DevString d:type="cDeltaString">868dad31-004d-433d-82e0-aed40bfbd120</DevString>
		</cGUID>
	</ID>
	<DisplayName>
		<Localisation-cUserLocalisedString>
			<English d:type="cDeltaString">[SB] The Speyside Line</English>
			<French d:type="cDeltaString">[SB] The Speyside Line</French>
			<Italian d:type="cDeltaString">[SB] The Speyside Line</Italian>
			<German d:type="cDeltaString">[SB] The Speyside Line</German>
			<Spanish d:type="cDeltaString">[SB] The Speyside Line</Spanish>
			<Dutch d:type="cDeltaString"></Dutch>
			<Polish d:type="cDeltaString"></Polish>
			<Russian d:type="cDeltaString"></Russian>
			<Other/>
			<Key d:type="cDeltaString">19eb296c-2d05-46a1-b568-f472d18ebeda</Key>
		</Localisation-cUserLocalisedString>
	</DisplayName>
	<InfrastructureModified d:type="bool">1</InfrastructureModified>
	<BlueprintID>
		<iBlueprintLibrary-cAbsoluteBlueprintID>
			<BlueprintSetID>
				<iBlueprintLibrary-cBlueprintSetID>
					<Provider d:type="cDeltaString">RSC</Provider>
					<Product d:type="cDeltaString">BrightonMainLine</Product>
				</iBlueprintLibrary-cBlueprintSetID>
			</BlueprintSetID>
			<BlueprintID d:type="cDeltaString">TemplateRoutes\BrightonMainLine.xml</BlueprintID>
		</iBlueprintLibrary-cAbsoluteBlueprintID>
	</BlueprintID>
	<Skies>
		<cRouteBlueprint-sSkies>
			<SpringSkyBlueprint>
				<iBlueprintLibrary-cAbsoluteBlueprintID>
					<BlueprintSetID>
						<iBlueprintLibrary-cBlueprintSetID>
							<Provider d:type="cDeltaString">RSC</Provider>
							<Product d:type="cDeltaString">BrightonMainLine</Product>
						</iBlueprintLibrary-cBlueprintSetID>
					</BlueprintSetID>
					<BlueprintID d:type="cDeltaString">TimeOfDay\Spring.xml</BlueprintID>
				</iBlueprintLibrary-cAbsoluteBlueprintID>
			</SpringSkyBlueprint>
			<SummerSkyBlueprint>
				<iBlueprintLibrary-cAbsoluteBlueprintID>
					<BlueprintSetID>
						<iBlueprintLibrary-cBlueprintSetID>
							<Provider d:type="cDeltaString">RSC</Provider>
							<Product d:type="cDeltaString">BrightonMainLine</Product>
						</iBlueprintLibrary-cBlueprintSetID>
					</BlueprintSetID>
					<BlueprintID d:type="cDeltaString">TimeOfDay\Summer.xml</BlueprintID>
				</iBlueprintLibrary-cAbsoluteBlueprintID>
			</SummerSkyBlueprint>
			<AutumnSkyBlueprint>
				<iBlueprintLibrary-cAbsoluteBlueprintID>
					<BlueprintSetID>
						<iBlueprintLibrary-cBlueprintSetID>
							<Provider d:type="cDeltaString">RSC</Provider>
							<Product d:type="cDeltaString">BrightonMainLine</Product>
						</iBlueprintLibrary-cBlueprintSetID>
					</BlueprintSetID>
					<BlueprintID d:type="cDeltaString">TimeOfDay\Autumn.xml</BlueprintID>
				</iBlueprintLibrary-cAbsoluteBlueprintID>
			</AutumnSkyBlueprint>
			<WinterSkyBlueprint>
				<iBlueprintLibrary-cAbsoluteBlueprintID>
					<BlueprintSetID>
						<iBlueprintLibrary-cBlueprintSetID>
							<Provider d:type="cDeltaString">RSC</Provider>
							<Product d:type="cDeltaString">BrightonMainLine</Product>
						</iBlueprintLibrary-cBlueprintSetID>
					</BlueprintSetID>
					<BlueprintID d:type="cDeltaString">TimeOfDay\Winter.xml</BlueprintID>
				</iBlueprintLibrary-cAbsoluteBlueprintID>
			</WinterSkyBlueprint>
		</cRouteBlueprint-sSkies>
	</Skies>
	<WeatherBlueprint>
		<iBlueprintLibrary-cAbsoluteBlueprintID>
			<BlueprintSetID>
				<iBlueprintLibrary-cBlueprintSetID>
					<Provider d:type="cDeltaString">RSC</Provider>
					<Product d:type="cDeltaString">BrightonMainLine</Product>
				</iBlueprintLibrary-cBlueprintSetID>
			</BlueprintSetID>
			<BlueprintID d:type="cDeltaString">Weather\Cloudy.xml</BlueprintID>
		</iBlueprintLibrary-cAbsoluteBlueprintID>
	</WeatherBlueprint>
	<TerrainBlueprint>
		<iBlueprintLibrary-cAbsoluteBlueprintID>
			<BlueprintSetID>
				<iBlueprintLibrary-cBlueprintSetID>
					<Provider d:type="cDeltaString">RSC</Provider>
					<Product d:type="cDeltaString">BrightonMainLine</Product>
				</iBlueprintLibrary-cBlueprintSetID>
			</BlueprintSetID>
			<BlueprintID d:type="cDeltaString">Environment\Terrain.xml</BlueprintID>
		</iBlueprintLibrary-cAbsoluteBlueprintID>
	</TerrainBlueprint>
	<MapBlueprint>
		<iBlueprintLibrary-cAbsoluteBlueprintID>
			<BlueprintSetID>
				<iBlueprintLibrary-cBlueprintSetID>
					<Provider d:type="cDeltaString">RSC</Provider>
					<Product d:type="cDeltaString">UKLEDsignals01</Product>
				</iBlueprintLibrary-cBlueprintSetID>
			</BlueprintSetID>
			<BlueprintID d:type="cDeltaString">System\Map\map.xml</BlueprintID>
		</iBlueprintLibrary-cAbsoluteBlueprintID>
	</MapBlueprint>
	<LockCounter d:type="sUInt32">1</LockCounter>
	<Locked d:type="bool">0</Locked>
	<MapProjection>
		<cMapProjectionOwner d:id="127789288">
			<MapProjection>
				<cUTMMapProjection d:id="907586224">
					<Origin>
						<sGeoPosition>
							<Lat d:type="sFloat64" d:alt_encoding="6FF085C954B94C40" d:precision="string">57.4479</Lat>
							<Long d:type="sFloat64" d:alt_encoding="9B5AB6D6170909C0" d:precision="string">-3.12944</Long>
						</sGeoPosition>
					</Origin>
					<MapOffset>
						<sMapCoords>
							<Easting d:type="sFloat64" d:alt_encoding="1F85EB513858BEC0" d:precision="string">-7768.22</Easting>
							<Northing d:type="sFloat64" d:alt_encoding="00000000074A5841" d:precision="string">6.36726e+006</Northing>
						</sMapCoords>
					</MapOffset>
					<ZoneNumber d:type="sInt32">30</ZoneNumber>
					<ZoneLetter d:type="cDeltaString">V</ZoneLetter>
				</cUTMMapProjection>
			</MapProjection>
		</cMapProjectionOwner>
	</MapProjection>
	<RBlueprintSetPreLoad>
		<iBlueprintLibrary-cBlueprintSetID d:id="513304792">
			<Provider d:type="cDeltaString">RSC</Provider>
			<Product d:type="cDeltaString">BrightonMainLine</Product>
		</iBlueprintLibrary-cBlueprintSetID>
		<iBlueprintLibrary-cBlueprintSetID d:id="513304800">
			<Provider d:type="cDeltaString">RSC</Provider>
			<Product d:type="cDeltaString">UKLEDsignals01</Product>
		</iBlueprintLibrary-cBlueprintSetID>
		<iBlueprintLibrary-cBlueprintSetID d:id="513304808">
			<Provider d:type="cDeltaString">APStation</Provider>
			<Product d:type="cDeltaString">Stations</Product>
		</iBlueprintLibrary-cBlueprintSetID>
		<iBlueprintLibrary-cBlueprintSetID d:id="513304816">
			<Provider d:type="cDeltaString">APStation</Provider>
			<Product d:type="cDeltaString">TransferPoints</Product>
		</iBlueprintLibrary-cBlueprintSetID>
		<iBlueprintLibrary-cBlueprintSetID d:id="513304824">
			<Provider d:type="cDeltaString">RSDL</Provider>
			<Product d:type="cDeltaString">IslandLine</Product>
		</iBlueprintLibrary-cBlueprintSetID>
		<iBlueprintLibrary-cBlueprintSetID d:id="513304832">
			<Provider d:type="cDeltaString">Kuju</Provider>
			<Product d:type="cDeltaString">RailSimulator</Product>
		</iBlueprintLibrary-cBlueprintSetID>
		<iBlueprintLibrary-cBlueprintSetID d:id="513304840">
			<Provider d:type="cDeltaString">keithmross</Provider>
			<Product d:type="cDeltaString">Port Road</Product>
		</iBlueprintLibrary-cBlueprintSetID>
		<iBlueprintLibrary-cBlueprintSetID d:id="513304848">
			<Provider d:type="cDeltaString">UKTS_FP</Provider>
			<Product d:type="cDeltaString">Clutter</Product>
		</iBlueprintLibrary-cBlueprintSetID>
		<iBlueprintLibrary-cBlueprintSetID d:id="513304856">
			<Provider d:type="cDeltaString">UKTS_FP</Provider>
			<Product d:type="cDeltaString">Commercial</Product>
		</iBlueprintLibrary-cBlueprintSetID>
		<iBlueprintLibrary-cBlueprintSetID d:id="513304864">
			<Provider d:type="cDeltaString">UKTS_FP</Provider>
			<Product d:type="cDeltaString">Railway_Buildings</Product>
		</iBlueprintLibrary-cBlueprintSetID>
		<iBlueprintLibrary-cBlueprintSetID d:id="513304872">
			<Provider d:type="cDeltaString">JADsHome</Provider>
			<Product d:type="cDeltaString">CableTrough</Product>
		</iBlueprintLibrary-cBlueprintSetID>
		<iBlueprintLibrary-cBlueprintSetID d:id="513304880">
			<Provider d:type="cDeltaString">UKTS_FP</Provider>
			<Product d:type="cDeltaString">Blocks_and_Lofts</Product>
		</iBlueprintLibrary-cBlueprintSetID>
		<iBlueprintLibrary-cBlueprintSetID d:id="513304888">
			<Provider d:type="cDeltaString">UKTS_FP</Provider>
			<Product d:type="cDeltaString">Foliage</Product>
		</iBlueprintLibrary-cBlueprintSetID>
		<iBlueprintLibrary-cBlueprintSetID d:id="513304896">
			<Provider d:type="cDeltaString">richardmaxted</Provider>
			<Product d:type="cDeltaString">NarrowGauge</Product>
		</iBlueprintLibrary-cBlueprintSetID>
		<iBlueprintLibrary-cBlueprintSetID d:id="513304904">
			<Provider d:type="cDeltaString">JADsHome</Provider>
			<Product d:type="cDeltaString">ChainlinkFencing</Product>
		</iBlueprintLibrary-cBlueprintSetID>
		<iBlueprintLibrary-cBlueprintSetID d:id="513304912">
			<Provider d:type="cDeltaString">JADsHome</Provider>
			<Product d:type="cDeltaString">PalisadeFencing</Product>
		</iBlueprintLibrary-cBlueprintSetID>
		<iBlueprintLibrary-cBlueprintSetID d:id="513304920">
			<Provider d:type="cDeltaString">JADsHome</Provider>
			<Product d:type="cDeltaString">Signs</Product>
		</iBlueprintLibrary-cBlueprintSetID>
		<iBlueprintLibrary-cBlueprintSetID d:id="513304928">
			<Provider d:type="cDeltaString">UKTS_FP</Provider>
			<Product d:type="cDeltaString">Housing</Product>
		</iBlueprintLibrary-cBlueprintSetID>
		<iBlueprintLibrary-cBlueprintSetID d:id="513304936">
			<Provider d:type="cDeltaString">Hamish Weir</Provider>
			<Product d:type="cDeltaString">KDR</Product>
		</iBlueprintLibrary-cBlueprintSetID>
		<iBlueprintLibrary-cBlueprintSetID d:id="513304944">
			<Provider d:type="cDeltaString">SAD</Provider>
			<Product d:type="cDeltaString">Scenery</Product>
		</iBlueprintLibrary-cBlueprintSetID>
		<iBlueprintLibrary-cBlueprintSetID d:id="513304952">
			<Provider d:type="cDeltaString">SAD</Provider>
			<Product d:type="cDeltaString">audio</Product>
		</iBlueprintLibrary-cBlueprintSetID>
		<iBlueprintLibrary-cBlueprintSetID d:id="513304960">
			<Provider d:type="cDeltaString">SAD2011</Provider>
			<Product d:type="cDeltaString">addon3</Product>
		</iBlueprintLibrary-cBlueprintSetID>
		<iBlueprintLibrary-cBlueprintSetID d:id="513304968">
			<Provider d:type="cDeltaString">SAD</Provider>
			<Product d:type="cDeltaString">GermanLocal</Product>
		</iBlueprintLibrary-cBlueprintSetID>
		<iBlueprintLibrary-cBlueprintSetID d:id="513304976">
			<Provider d:type="cDeltaString">SAD</Provider>
			<Product d:type="cDeltaString">Foliage_Pack1</Product>
		</iBlueprintLibrary-cBlueprintSetID>
		<iBlueprintLibrary-cBlueprintSetID d:id="513304984">
			<Provider d:type="cDeltaString">SAD</Provider>
			<Product d:type="cDeltaString">Network</Product>
		</iBlueprintLibrary-cBlueprintSetID>
		<iBlueprintLibrary-cBlueprintSetID d:id="513304992">
			<Provider d:type="cDeltaString">SAD</Provider>
			<Product d:type="cDeltaString">Scenarios</Product>
		</iBlueprintLibrary-cBlueprintSetID>
		<iBlueprintLibrary-cBlueprintSetID d:id="513305000">
			<Provider d:type="cDeltaString">Thomson</Provider>
			<Product d:type="cDeltaString">EandG</Product>
		</iBlueprintLibrary-cBlueprintSetID>
		<iBlueprintLibrary-cBlueprintSetID d:id="513305008">
			<Provider d:type="cDeltaString">DTG</Provider>
			<Product d:type="cDeltaString">Academy</Product>
		</iBlueprintLibrary-cBlueprintSetID>
		<iBlueprintLibrary-cBlueprintSetID d:id="513305016">
			<Provider d:type="cDeltaString">Schienenbus</Provider>
			<Product d:type="cDeltaString">Vegetation</Product>
		</iBlueprintLibrary-cBlueprintSetID>
		<iBlueprintLibrary-cBlueprintSetID d:id="513305024">
			<Provider d:type="cDeltaString">Buckeye</Provider>
			<Product d:type="cDeltaString">Lanky</Product>
		</iBlueprintLibrary-cBlueprintSetID>
		<iBlueprintLibrary-cBlueprintSetID d:id="513305032">
			<Provider d:type="cDeltaString">ALGB</Provider>
			<Product d:type="cDeltaString">LNW_Signals</Product>
		</iBlueprintLibrary-cBlueprintSetID>
		<iBlueprintLibrary-cBlueprintSetID d:id="513305040">
			<Provider d:type="cDeltaString">HWdev</Provider>
			<Product d:type="cDeltaString">SpeysideLine</Product>
		</iBlueprintLibrary-cBlueprintSetID>
		<iBlueprintLibrary-cBlueprintSetID d:id="513305048">
			<Provider d:type="cDeltaString">karma99</Provider>
			<Product d:type="cDeltaString">Addon</Product>
		</iBlueprintLibrary-cBlueprintSetID>
		<iBlueprintLibrary-cBlueprintSetID d:id="513305056">
			<Provider d:type="cDeltaString">HWdev</Provider>
			<Product d:type="cDeltaString">Export Test</Product>
		</iBlueprintLibrary-cBlueprintSetID>
		<iBlueprintLibrary-cBlueprintSetID d:id="513305064">
			<Provider d:type="cDeltaString">RSderek</Provider>
			<Product d:type="cDeltaString">WearValleyRailway</Product>
		</iBlueprintLibrary-cBlueprintSetID>
		<iBlueprintLibrary-cBlueprintSetID d:id="513305072">
			<Provider d:type="cDeltaString">ALGB</Provider>
			<Product d:type="cDeltaString">Lattice Signals</Product>
		</iBlueprintLibrary-cBlueprintSetID>
		<iBlueprintLibrary-cBlueprintSetID d:id="513305080">
			<Provider d:type="cDeltaString">VulcanProductions</Provider>
			<Product d:type="cDeltaString">GrassPack</Product>
		</iBlueprintLibrary-cBlueprintSetID>
		<iBlueprintLibrary-cBlueprintSetID d:id="513305088">
			<Provider d:type="cDeltaString">Mundo</Provider>
			<Product d:type="cDeltaString">RailNetwork</Product>
		</iBlueprintLibrary-cBlueprintSetID>
		<iBlueprintLibrary-cBlueprintSetID d:id="513305096">
			<Provider d:type="cDeltaString">Mundo</Provider>
			<Product d:type="cDeltaString">Scenery</Product>
		</iBlueprintLibrary-cBlueprintSetID>
		<iBlueprintLibrary-cBlueprintSetID d:id="513305104">
			<Provider d:type="cDeltaString">RSC</Provider>
			<Product d:type="cDeltaString">APStation</Product>
		</iBlueprintLibrary-cBlueprintSetID>
	</RBlueprintSetPreLoad>
	<AuthoredLanguage d:type="cDeltaString">en</AuthoredLanguage>
	<Version d:type="sFloat32" d:alt_encoding="000000000000F03F" d:precision="string">1</Version>
	<TimeZone d:type="sFloat32" d:alt_encoding="0000000000000000" d:precision="string">0</TimeZone>
	<SummerTime d:type="sFloat32" d:alt_encoding="000000000020AC40" d:precision="string">3600</SummerTime>
	<HasTimeZoneSet d:type="bool">0</HasTimeZoneSet>
	<HasSpeedsigns d:type="bool">1</HasSpeedsigns>
	<WorkshopId d:type="sUInt64">0</WorkshopId>
	<WorkshopBy d:type="sUInt64">0</WorkshopBy>
	<WorkshopTags d:type="cDeltaString"></WorkshopTags>
</cRouteProperties>
